2024-04-29 21:20,01F0005N,N,31,61
21:20,01F0005N,N,32,18
21:20,01F0005N,N,41,4
21:20,01F0005N,N,42,0
21:20,01F0005N,N,5,0
21:20,01F0005S,S,31,76
21:20,01F0005S,S,32,14
21:20,01F0005S,S,41,4
21:20,01F0005S,S,42,0
21:20,01F0005S,S,5,0
21:20,01F0017N,N,31,58
21:20,01F0017N,N,32,16
21:20,01F0017N,N,41,6
21:20,01F0017N,N,42,0
21:20,01F0017N,N,5,0
21:20,01F0017S,S,31,64
21:20,01F0017S,S,32,8
21:20,01F0017S,S,41,3
21:20,01F0017S,S,42,0
21:20,01F0017S,S,5,0
21:20,01F0029N,N,31,76
21:20,01F0029N,N,32,17
21:20,01F0029N,N,41,7
21:20,01F0029N,N,42,1
21:20,01F0029N,N,5,0
21:20,01F0029S,S,31,82
21:20,01F0029S,S,32,12
21:20,01F0029S,S,41,3
21:20,01F0029S,S,42,0
21:20,01F0029S,S,5,0
21:20,01F0061N,N,31,136
21:20,01F0061N,N,32,39
21:20,01F0061N,N,41,2
21:20,01F0061N,N,42,4
21:20,01F0061N,N,5,6
21:20,01F0061S,S,31,127
21:20,01F0061S,S,32,18
21:20,01F0061S,S,41,4
21:20,01F0061S,S,42,1
21:20,01F0061S,S,5,10
21:20,01F0099N,N,31,168
21:20,01F0099N,N,32,44
21:20,01F0099N,N,41,5
21:20,01F0099N,N,42,9
21:20,01F0099N,N,5,8
21:20,01F0099S,S,31,100
21:20,01F0099S,S,32,20
21:20,01F0099S,S,41,4
21:20,01F0099S,S,42,5
21:20,01F0099S,S,5,8
21:20,01F0147N,N,31,157
21:20,01F0147N,N,32,40
21:20,01F0147N,N,41,5
21:20,01F0147N,N,42,4
21:20,01F0147N,N,5,5
21:20,01F0147S,S,31,84
21:20,01F0147S,S,32,21
21:20,01F0147S,S,41,6
21:20,01F0147S,S,42,7
21:20,01F0147S,S,5,3
21:20,01F0153N,N,31,207
21:20,01F0153N,N,32,41
21:20,01F0153N,N,41,7
21:20,01F0153N,N,42,6
21:20,01F0153N,N,5,5
21:20,01F0153S,S,31,127
21:20,01F0153S,S,32,26
21:20,01F0153S,S,41,5
21:20,01F0153S,S,42,8
21:20,01F0153S,S,5,5
21:20,01F0182S,S,31,136
21:20,01F0182S,S,32,21
21:20,01F0182S,S,41,6
21:20,01F0182S,S,42,12
21:20,01F0182S,S,5,6
21:20,01F0213N,N,31,140
21:20,01F0213N,N,32,37
21:20,01F0213N,N,41,0
21:20,01F0213N,N,42,4
21:20,01F0213N,N,5,7
21:20,01F0233N,N,31,236
21:20,01F0233N,N,32,43
21:20,01F0233N,N,41,5
21:20,01F0233N,N,42,10
21:20,01F0233N,N,5,11
21:20,01F0248S,S,31,312
21:20,01F0248S,S,32,63
21:20,01F0248S,S,41,6
21:20,01F0248S,S,42,16
21:20,01F0248S,S,5,12
21:20,01F0256N,N,31,234
21:20,01F0256N,N,32,38
21:20,01F0256N,N,41,9
21:20,01F0256N,N,42,11
21:20,01F0256N,N,5,14
21:20,01F0264S,S,31,266
21:20,01F0264S,S,32,58
21:20,01F0264S,S,41,5
21:20,01F0264S,S,42,14
21:20,01F0264S,S,5,10
21:20,01F0293N,N,31,223
21:20,01F0293N,N,32,48
21:20,01F0293N,N,41,8
21:20,01F0293N,N,42,14
21:20,01F0293N,N,5,7
21:20,01F0293S,S,31,254
21:20,01F0293S,S,32,48
21:20,01F0293S,S,41,8
21:20,01F0293S,S,42,8
21:20,01F0293S,S,5,7
21:20,01F0339S,S,31,412
21:20,01F0339S,S,32,86
21:20,01F0339S,S,41,11
21:20,01F0339S,S,42,14
21:20,01F0339S,S,5,1
21:20,01F0340N,N,31,310
21:20,01F0340N,N,32,59
21:20,01F0340N,N,41,7
21:20,01F0340N,N,42,15
21:20,01F0340N,N,5,7
21:20,01F0376N,N,31,224
21:20,01F0376N,N,32,45
21:20,01F0376N,N,41,3
21:20,01F0376N,N,42,16
21:20,01F0376N,N,5,12
21:20,01F0376S,S,31,312
21:20,01F0376S,S,32,49
21:20,01F0376S,S,41,10
21:20,01F0376S,S,42,12
21:20,01F0376S,S,5,7
21:20,01F0413N,N,31,121
21:20,01F0413N,N,32,36
21:20,01F0413N,N,41,3
21:20,01F0413N,N,42,13
21:20,01F0413N,N,5,9
21:20,01F0413S,S,31,137
21:20,01F0413S,S,32,27
21:20,01F0413S,S,41,4
21:20,01F0413S,S,42,8
21:20,01F0413S,S,5,7
21:20,01F0467N,N,31,202
21:20,01F0467N,N,32,56
21:20,01F0467N,N,41,8
21:20,01F0467N,N,42,18
21:20,01F0467N,N,5,12
21:20,01F0467S,S,31,242
21:20,01F0467S,S,32,69
21:20,01F0467S,S,41,2
21:20,01F0467S,S,42,19
21:20,01F0467S,S,5,14
21:20,01F0492N,N,31,136
21:20,01F0492N,N,32,39
21:20,01F0492N,N,41,1
21:20,01F0492N,N,42,18
21:20,01F0492N,N,5,5
21:20,01F0492S,S,31,123
21:20,01F0492S,S,32,37
21:20,01F0492S,S,41,1
21:20,01F0492S,S,42,10
21:20,01F0492S,S,5,11
21:20,01F0511N,N,31,232
21:20,01F0511N,N,32,51
21:20,01F0511N,N,41,3
21:20,01F0511N,N,42,25
21:20,01F0511N,N,5,14
21:20,01F0511S,S,31,220
21:20,01F0511S,S,32,53
21:20,01F0511S,S,41,2
21:20,01F0511S,S,42,11
21:20,01F0511S,S,5,12
21:20,01F0532N,N,31,191
21:20,01F0532N,N,32,32
21:20,01F0532N,N,41,5
21:20,01F0532N,N,42,24
21:20,01F0532N,N,5,11
21:20,01F0532S,S,31,181
21:20,01F0532S,S,32,35
21:20,01F0532S,S,41,3
21:20,01F0532S,S,42,15
21:20,01F0532S,S,5,15
21:20,01F0557N,N,31,183
21:20,01F0557N,N,32,37
21:20,01F0557N,N,41,2
21:20,01F0557N,N,42,23
21:20,01F0557N,N,5,10
21:20,01F0557S,S,31,203
21:20,01F0557S,S,32,37
21:20,01F0557S,S,41,3
21:20,01F0557S,S,42,14
21:20,01F0557S,S,5,14
21:20,01F0578S,S,31,177
21:20,01F0578S,S,32,39
21:20,01F0578S,S,41,1
21:20,01F0578S,S,42,10
21:20,01F0578S,S,5,15
21:20,01F0584N,N,31,158
21:20,01F0584N,N,32,42
21:20,01F0584N,N,41,2
21:20,01F0584N,N,42,16
21:20,01F0584N,N,5,12
21:20,01F0633N,N,31,170
21:20,01F0633N,N,32,38
21:20,01F0633N,N,41,3
21:20,01F0633N,N,42,19
21:20,01F0633N,N,5,13
21:20,01F0633S,S,31,186
21:20,01F0633S,S,32,36
21:20,01F0633S,S,41,3
21:20,01F0633S,S,42,17
21:20,01F0633S,S,5,10
21:20,01F0664N,N,31,143
21:20,01F0664N,N,32,34
21:20,01F0664N,N,41,2
21:20,01F0664N,N,42,9
21:20,01F0664N,N,5,12
21:20,01F0664S,S,31,118
21:20,01F0664S,S,32,29
21:20,01F0664S,S,41,1
21:20,01F0664S,S,42,13
21:20,01F0664S,S,5,16
21:20,01F0681N,N,31,131
21:20,01F0681N,N,32,24
21:20,01F0681N,N,41,1
21:20,01F0681N,N,42,7
21:20,01F0681N,N,5,14
21:20,01F0681S,S,31,109
21:20,01F0681S,S,32,30
21:20,01F0681S,S,41,0
21:20,01F0681S,S,42,9
21:20,01F0681S,S,5,19
21:20,01F0699N,N,31,110
21:20,01F0699N,N,32,18
21:20,01F0699N,N,41,0
21:20,01F0699N,N,42,10
21:20,01F0699N,N,5,19
21:20,01F0699S,S,31,51
21:20,01F0699S,S,32,11
21:20,01F0699S,S,41,2
21:20,01F0699S,S,42,8
21:20,01F0699S,S,5,15
21:20,01F0750N,N,31,175
21:20,01F0750N,N,32,33
21:20,01F0750N,N,41,8
21:20,01F0750N,N,42,19
21:20,01F0750N,N,5,15
21:20,01F0750S,S,31,155
21:20,01F0750S,S,32,32
21:20,01F0750S,S,41,4
21:20,01F0750S,S,42,18
21:20,01F0750S,S,5,14
21:20,01F0880N,N,31,229
21:20,01F0880N,N,32,63
21:20,01F0880N,N,41,1
21:20,01F0880N,N,42,19
21:20,01F0880N,N,5,18
21:20,01F0880S,S,31,194
21:20,01F0880S,S,32,32
21:20,01F0880S,S,41,3
21:20,01F0880S,S,42,11
21:20,01F0880S,S,5,10
21:20,01F0928N,N,31,219
21:20,01F0928N,N,32,52
21:20,01F0928N,N,41,4
21:20,01F0928N,N,42,19
21:20,01F0928N,N,5,7
21:20,01F0928S,S,31,165
21:20,01F0928S,S,32,35
21:20,01F0928S,S,41,6
21:20,01F0928S,S,42,9
21:20,01F0928S,S,5,15
21:20,01F0950S,S,31,97
21:20,01F0950S,S,32,20
21:20,01F0950S,S,41,3
21:20,01F0950S,S,42,11
21:20,01F0950S,S,5,13
21:20,01F0956N,N,31,120
21:20,01F0956N,N,32,25
21:20,01F0956N,N,41,1
21:20,01F0956N,N,42,11
21:20,01F0956N,N,5,8
21:20,01F0979N,N,31,165
21:20,01F0979N,N,32,30
21:20,01F0979N,N,41,3
21:20,01F0979N,N,42,9
21:20,01F0979N,N,5,9
21:20,01F0980S,S,31,197
21:20,01F0980S,S,32,30
21:20,01F0980S,S,41,8
21:20,01F0980S,S,42,16
21:20,01F0980S,S,5,11
21:20,01F1045N,N,31,102
21:20,01F1045N,N,32,23
21:20,01F1045N,N,41,5
21:20,01F1045N,N,42,8
21:20,01F1045N,N,5,14
21:20,01F1045S,S,31,115
21:20,01F1045S,S,32,25
21:20,01F1045S,S,41,7
21:20,01F1045S,S,42,8
21:20,01F1045S,S,5,2
21:20,01F1123N,N,31,114
21:20,01F1123N,N,32,27
21:20,01F1123N,N,41,2
21:20,01F1123N,N,42,4
21:20,01F1123N,N,5,12
21:20,01F1123S,S,31,65
21:20,01F1123S,S,32,21
21:20,01F1123S,S,41,5
21:20,01F1123S,S,42,5
21:20,01F1123S,S,5,4
21:20,01F1292N,N,31,99
21:20,01F1292N,N,32,30
21:20,01F1292N,N,41,1
21:20,01F1292N,N,42,15
21:20,01F1292N,N,5,6
21:20,01F1292S,S,31,67
21:20,01F1292S,S,32,23
21:20,01F1292S,S,41,2
21:20,01F1292S,S,42,4
21:20,01F1292S,S,5,5
21:20,01F1389N,N,31,97
21:20,01F1389N,N,32,25
21:20,01F1389N,N,41,1
21:20,01F1389N,N,42,12
21:20,01F1389N,N,5,11
21:20,01F1389S,S,31,96
21:20,01F1389S,S,32,22
21:20,01F1389S,S,41,2
21:20,01F1389S,S,42,8
21:20,01F1389S,S,5,8
21:20,01F1465N,N,31,81
21:20,01F1465N,N,32,22
21:20,01F1465N,N,41,2
21:20,01F1465N,N,42,14
21:20,01F1465N,N,5,12
21:20,01F1465S,S,31,95
21:20,01F1465S,S,32,18
21:20,01F1465S,S,41,4
21:20,01F1465S,S,42,6
21:20,01F1465S,S,5,5
21:20,01F1572N,N,31,111
21:20,01F1572N,N,32,24
21:20,01F1572N,N,41,4
21:20,01F1572N,N,42,13
21:20,01F1572N,N,5,12
21:20,01F1572S,S,31,71
21:20,01F1572S,S,32,20
21:20,01F1572S,S,41,3
21:20,01F1572S,S,42,10
21:20,01F1572S,S,5,1
21:20,01F1621N,N,31,124
21:20,01F1621N,N,32,28
21:20,01F1621N,N,41,1
21:20,01F1621N,N,42,16
21:20,01F1621N,N,5,11
21:20,01F1621S,S,31,101
21:20,01F1621S,S,32,20
21:20,01F1621S,S,41,1
21:20,01F1621S,S,42,10
21:20,01F1621S,S,5,5
21:20,01F1664N,N,31,156
21:20,01F1664N,N,32,39
21:20,01F1664N,N,41,1
21:20,01F1664N,N,42,14
21:20,01F1664N,N,5,11
21:20,01F1664S,S,31,115
21:20,01F1664S,S,32,28
21:20,01F1664S,S,41,1
21:20,01F1664S,S,42,14
21:20,01F1664S,S,5,5
21:20,01F1699N,N,31,182
21:20,01F1699N,N,32,51
21:20,01F1699N,N,41,1
21:20,01F1699N,N,42,12
21:20,01F1699N,N,5,11
21:20,01F1699S,S,31,146
21:20,01F1699S,S,32,37
21:20,01F1699S,S,41,6
21:20,01F1699S,S,42,15
21:20,01F1699S,S,5,2
21:20,01F1774N,N,31,167
21:20,01F1774N,N,32,31
21:20,01F1774N,N,41,5
21:20,01F1774N,N,42,17
21:20,01F1774N,N,5,18
21:20,01F1774S,S,31,121
21:20,01F1774S,S,32,26
21:20,01F1774S,S,41,6
21:20,01F1774S,S,42,7
21:20,01F1774S,S,5,7
21:20,01F1802N,N,31,120
21:20,01F1802N,N,32,34
21:20,01F1802N,N,41,8
21:20,01F1802N,N,42,16
21:20,01F1802N,N,5,13
21:20,01F1802S,S,31,115
21:20,01F1802S,S,32,28
21:20,01F1802S,S,41,4
21:20,01F1802S,S,42,9
21:20,01F1802S,S,5,5
21:20,01F1839N,N,31,114
21:20,01F1839N,N,32,31
21:20,01F1839N,N,41,3
21:20,01F1839N,N,42,13
21:20,01F1839N,N,5,7
21:20,01F1839S,S,31,117
21:20,01F1839S,S,32,38
21:20,01F1839S,S,41,3
21:20,01F1839S,S,42,10
21:20,01F1839S,S,5,4
21:20,01F1906N,N,31,87
21:20,01F1906N,N,32,31
21:20,01F1906N,N,41,5
21:20,01F1906N,N,42,14
21:20,01F1906N,N,5,14
21:20,01F1906S,S,31,128
21:20,01F1906S,S,32,21
21:20,01F1906S,S,41,4
21:20,01F1906S,S,42,9
21:20,01F1906S,S,5,6
21:20,01F1960N,N,31,126
21:20,01F1960N,N,32,46
21:20,01F1960N,N,41,4
21:20,01F1960N,N,42,19
21:20,01F1960N,N,5,15
21:20,01F1960S,S,31,183
21:20,01F1960S,S,32,43
21:20,01F1960S,S,41,8
21:20,01F1960S,S,42,23
21:20,01F1960S,S,5,12
21:20,01F2011N,N,31,128
21:20,01F2011N,N,32,56
21:20,01F2011N,N,41,2
21:20,01F2011N,N,42,26
21:20,01F2011N,N,5,24
21:20,01F2011S,S,31,130
21:20,01F2011S,S,32,41
21:20,01F2011S,S,41,2
21:20,01F2011S,S,42,11
21:20,01F2011S,S,5,12
21:20,01F2089N,N,31,118
21:20,01F2089N,N,32,42
21:20,01F2089N,N,41,3
21:20,01F2089N,N,42,13
21:20,01F2089N,N,5,13
21:20,01F2089S,S,31,132
21:20,01F2089S,S,32,40
21:20,01F2089S,S,41,0
21:20,01F2089S,S,42,12
21:20,01F2089S,S,5,12
21:20,01F2156N,N,31,124
21:20,01F2156N,N,32,33
21:20,01F2156N,N,41,1
21:20,01F2156N,N,42,9
21:20,01F2156N,N,5,20
21:20,01F2156S,S,31,84
21:20,01F2156S,S,32,25
21:20,01F2156S,S,41,3
21:20,01F2156S,S,42,10
21:20,01F2156S,S,5,9
21:20,01F2249N,N,31,75
21:20,01F2249N,N,32,21
21:20,01F2249N,N,41,3
21:20,01F2249N,N,42,8
21:20,01F2249N,N,5,19
21:20,01F2249S,S,31,86
21:20,01F2249S,S,32,17
21:20,01F2249S,S,41,0
21:20,01F2249S,S,42,8
21:20,01F2249S,S,5,13
21:20,01F2322N,N,31,92
21:20,01F2322N,N,32,23
21:20,01F2322N,N,41,0
21:20,01F2322N,N,42,9
21:20,01F2322N,N,5,11
21:20,01F2322S,S,31,92
21:20,01F2322S,S,32,26
21:20,01F2322S,S,41,5
21:20,01F2322S,S,42,13
21:20,01F2322S,S,5,11
21:20,01F2394N,N,31,95
21:20,01F2394N,N,32,31
21:20,01F2394N,N,41,2
21:20,01F2394N,N,42,15
21:20,01F2394N,N,5,15
21:20,01F2394S,S,31,86
21:20,01F2394S,S,32,19
21:20,01F2394S,S,41,1
21:20,01F2394S,S,42,7
21:20,01F2394S,S,5,20
21:20,01F2425N,N,31,111
21:20,01F2425N,N,32,24
21:20,01F2425N,N,41,2
21:20,01F2425N,N,42,6
21:20,01F2425N,N,5,15
21:20,01F2425S,S,31,74
21:20,01F2425S,S,32,18
21:20,01F2425S,S,41,1
21:20,01F2425S,S,42,5
21:20,01F2425S,S,5,19
21:20,01F2472N,N,31,89
21:20,01F2472N,N,32,30
21:20,01F2472N,N,41,1
21:20,01F2472N,N,42,8
21:20,01F2472N,N,5,22
21:20,01F2472S,S,31,84
21:20,01F2472S,S,32,15
21:20,01F2472S,S,41,2
21:20,01F2472S,S,42,7
21:20,01F2472S,S,5,14
21:20,01F2514N,N,31,78
21:20,01F2514N,N,32,33
21:20,01F2514N,N,41,2
21:20,01F2514N,N,42,13
21:20,01F2514N,N,5,17
21:20,01F2514S,S,31,69
21:20,01F2514S,S,32,15
21:20,01F2514S,S,41,2
21:20,01F2514S,S,42,6
21:20,01F2514S,S,5,15
21:20,01F2603N,N,31,86
21:20,01F2603N,N,32,23
21:20,01F2603N,N,41,0
21:20,01F2603N,N,42,7
21:20,01F2603N,N,5,15
21:20,01F2603S,S,31,71
21:20,01F2603S,S,32,25
21:20,01F2603S,S,41,1
21:20,01F2603S,S,42,16
21:20,01F2603S,S,5,15
21:20,01F2674N,N,31,65
21:20,01F2674N,N,32,22
21:20,01F2674N,N,41,1
21:20,01F2674N,N,42,16
21:20,01F2674N,N,5,16
21:20,01F2674S,S,31,67
21:20,01F2674S,S,32,17
21:20,01F2674S,S,41,0
21:20,01F2674S,S,42,10
21:20,01F2674S,S,5,16
21:20,01F2714N,N,31,61
21:20,01F2714N,N,32,16
21:20,01F2714N,N,41,3
21:20,01F2714N,N,42,13
21:20,01F2714N,N,5,20
21:20,01F2714S,S,31,70
21:20,01F2714S,S,32,24
21:20,01F2714S,S,41,5
21:20,01F2714S,S,42,7
21:20,01F2714S,S,5,17
21:20,01F2827N,N,31,60
21:20,01F2827N,N,32,24
21:20,01F2827N,N,41,6
21:20,01F2827N,N,42,12
21:20,01F2827N,N,5,17
21:20,01F2827S,S,31,79
21:20,01F2827S,S,32,11
21:20,01F2827S,S,41,4
21:20,01F2827S,S,42,7
21:20,01F2827S,S,5,9
21:20,01F2866N,N,31,62
21:20,01F2866N,N,32,23
21:20,01F2866N,N,41,5
21:20,01F2866N,N,42,11
21:20,01F2866N,N,5,15
21:20,01F2866S,S,31,74
21:20,01F2866S,S,32,15
21:20,01F2866S,S,41,6
21:20,01F2866S,S,42,5
21:20,01F2866S,S,5,5
21:20,01F2930N,N,31,71
21:20,01F2930N,N,32,24
21:20,01F2930N,N,41,4
21:20,01F2930N,N,42,10
21:20,01F2930N,N,5,24
21:20,01F2930S,S,31,66
21:20,01F2930S,S,32,21
21:20,01F2930S,S,41,3
21:20,01F2930S,S,42,12
21:20,01F2930S,S,5,12
21:20,01F3019N,N,31,81
21:20,01F3019N,N,32,24
21:20,01F3019N,N,41,1
21:20,01F3019N,N,42,17
21:20,01F3019N,N,5,16
21:20,01F3019S,S,31,77
21:20,01F3019S,S,32,27
21:20,01F3019S,S,41,1
21:20,01F3019S,S,42,12
21:20,01F3019S,S,5,13
21:20,01F3083N,N,31,101
21:20,01F3083N,N,32,23
21:20,01F3083N,N,41,4
21:20,01F3083N,N,42,15
21:20,01F3083N,N,5,29
21:20,01F3083S,S,31,96
21:20,01F3083S,S,32,32
21:20,01F3083S,S,41,1
21:20,01F3083S,S,42,8
21:20,01F3083S,S,5,14
21:20,01F3126N,N,31,100
21:20,01F3126N,N,32,32
21:20,01F3126N,N,41,1
21:20,01F3126N,N,42,22
21:20,01F3126N,N,5,22
21:20,01F3126S,S,31,113
21:20,01F3126S,S,32,41
21:20,01F3126S,S,41,2
21:20,01F3126S,S,42,7
21:20,01F3126S,S,5,10
21:20,01F3185N,N,31,135
21:20,01F3185N,N,32,40
21:20,01F3185N,N,41,1
21:20,01F3185N,N,42,9
21:20,01F3185N,N,5,13
21:20,01F3185S,S,31,137
21:20,01F3185S,S,32,33
21:20,01F3185S,S,41,4
21:20,01F3185S,S,42,9
21:20,01F3185S,S,5,13
21:20,01F3227N,N,31,137
21:20,01F3227N,N,32,40
21:20,01F3227N,N,41,0
21:20,01F3227N,N,42,10
21:20,01F3227N,N,5,13
21:20,01F3227S,S,31,124
21:20,01F3227S,S,32,35
21:20,01F3227S,S,41,3
21:20,01F3227S,S,42,5
21:20,01F3227S,S,5,8
21:20,01F3252N,N,31,91
21:20,01F3252N,N,32,29
21:20,01F3252N,N,41,0
21:20,01F3252N,N,42,8
21:20,01F3252N,N,5,14
21:20,01F3252S,S,31,97
21:20,01F3252S,S,32,23
21:20,01F3252S,S,41,6
21:20,01F3252S,S,42,5
21:20,01F3252S,S,5,9
21:20,01F3286N,N,31,107
21:20,01F3286N,N,32,31
21:20,01F3286N,N,41,1
21:20,01F3286N,N,42,9
21:20,01F3286N,N,5,17
21:20,01F3286S,S,31,121
21:20,01F3286S,S,32,30
21:20,01F3286S,S,41,1
21:20,01F3286S,S,42,6
21:20,01F3286S,S,5,8
21:20,01F3366N,N,31,127
21:20,01F3366N,N,32,31
21:20,01F3366N,N,41,3
21:20,01F3366N,N,42,12
21:20,01F3366N,N,5,14
21:20,01F3366S,S,31,125
21:20,01F3366S,S,32,28
21:20,01F3366S,S,41,0
21:20,01F3366S,S,42,5
21:20,01F3366S,S,5,6
21:20,01F3398N,N,31,110
21:20,01F3398N,N,32,24
21:20,01F3398N,N,41,3
21:20,01F3398N,N,42,9
21:20,01F3398N,N,5,17
21:20,01F3398S,S,31,120
21:20,01F3398S,S,32,37
21:20,01F3398S,S,41,2
21:20,01F3398S,S,42,3
21:20,01F3398S,S,5,13
21:20,01F3460N,N,31,102
21:20,01F3460N,N,32,26
21:20,01F3460N,N,41,0
21:20,01F3460N,N,42,7
21:20,01F3460N,N,5,14
21:20,01F3460S,S,31,120
21:20,01F3460S,S,32,33
21:20,01F3460S,S,41,3
21:20,01F3460S,S,42,3
21:20,01F3460S,S,5,13
21:20,01F3535N,N,31,131
21:20,01F3535N,N,32,31
21:20,01F3535N,N,41,2
21:20,01F3535N,N,42,5
21:20,01F3535N,N,5,11
21:20,01F3535S,S,31,177
21:20,01F3535S,S,32,44
21:20,01F3535S,S,41,2
21:20,01F3535S,S,42,3
21:20,01F3535S,S,5,6
21:20,01F3559N,N,31,111
21:20,01F3559N,N,32,29
21:20,01F3559N,N,41,0
21:20,01F3559N,N,42,3
21:20,01F3559N,N,5,9
21:20,01F3561S,S,31,129
21:20,01F3561S,S,32,28
21:20,01F3561S,S,41,0
21:20,01F3561S,S,42,4
21:20,01F3561S,S,5,9
21:20,01F3590N,N,31,185
21:20,01F3590N,N,32,39
21:20,01F3590N,N,41,0
21:20,01F3590N,N,42,9
21:20,01F3590N,N,5,12
21:20,01F3590S,S,31,189
21:20,01F3590S,S,32,42
21:20,01F3590S,S,41,1
21:20,01F3590S,S,42,6
21:20,01F3590S,S,5,9
21:20,01F3640N,N,31,238
21:20,01F3640N,N,32,66
21:20,01F3640N,N,41,1
21:20,01F3640N,N,42,13
21:20,01F3640N,N,5,14
21:20,01F3640S,S,31,244
21:20,01F3640S,S,32,63
21:20,01F3640S,S,41,0
21:20,01F3640S,S,42,9
21:20,01F3640S,S,5,8
21:20,01F3676N,N,31,100
21:20,01F3676N,N,32,26
21:20,01F3676N,N,41,0
21:20,01F3676N,N,42,6
21:20,01F3676N,N,5,23
21:20,01F3676S,S,31,114
21:20,01F3676S,S,32,33
21:20,01F3676S,S,41,1
21:20,01F3676S,S,42,5
21:20,01F3676S,S,5,17
21:20,01F3686S,S,31,196
21:20,01F3686S,S,32,55
21:20,01F3686S,S,41,3
21:20,01F3686S,S,42,5
21:20,01F3686S,S,5,22
21:20,01F3696N,N,31,181
21:20,01F3696N,N,32,49
21:20,01F3696N,N,41,3
21:20,01F3696N,N,42,10
21:20,01F3696N,N,5,20
21:20,01F3736N,N,31,20
21:20,01F3736N,N,32,10
21:20,01F3736N,N,41,1
21:20,01F3736N,N,42,0
21:20,01F3736N,N,5,8
21:20,01F3736S,S,31,7
21:20,01F3736S,S,32,2
21:20,01F3736S,S,41,0
21:20,01F3736S,S,42,0
21:20,01F3736S,S,5,5
21:20,01H0163S,S,31,63
21:20,01H0163S,S,32,12
21:20,01H0163S,S,41,3
21:20,01H0163S,S,42,0
21:20,01H0163S,S,5,0
21:20,01H0174N,N,31,80
21:20,01H0174N,N,32,25
21:20,01H0174N,N,41,1
21:20,01H0174N,N,42,1
21:20,01H0174N,N,5,2
21:20,01H0200N,N,31,68
21:20,01H0200N,N,32,16
21:20,01H0200N,N,41,1
21:20,01H0200N,N,42,1
21:20,01H0200N,N,5,0
21:20,01H0206S,S,31,134
21:20,01H0206S,S,32,25
21:20,01H0206S,S,41,3
21:20,01H0206S,S,42,0
21:20,01H0206S,S,5,0
21:20,01H0208N,N,31,84
21:20,01H0208N,N,32,16
21:20,01H0208N,N,41,3
21:20,01H0208N,N,42,1
21:20,01H0208N,N,5,0
21:20,01H0271N,N,31,150
21:20,01H0271N,N,32,28
21:20,01H0271N,N,41,4
21:20,01H0271N,N,42,1
21:20,01H0271N,N,5,0
21:20,01H0305S,S,31,199
21:20,01H0305S,S,32,39
21:20,01H0305S,S,41,1
21:20,01H0305S,S,42,0
21:20,01H0305S,S,5,0
21:20,01H0333N,N,31,35
21:20,01H0333N,N,32,10
21:20,01H0333N,N,41,0
21:20,01H0333N,N,42,0
21:20,01H0333N,N,5,0
21:20,01H0334S,S,31,49
21:20,01H0334S,S,32,11
21:20,01H0334S,S,41,1
21:20,01H0334S,S,42,0
21:20,01H0334S,S,5,0
21:20,01H0447N,N,31,121
21:20,01H0447N,N,32,20
21:20,01H0447N,N,41,1
21:20,01H0447N,N,42,0
21:20,01H0447N,N,5,0
21:20,01H0447S,S,31,139
21:20,01H0447S,S,32,25
21:20,01H0447S,S,41,2
21:20,01H0447S,S,42,1
21:20,01H0447S,S,5,0
21:20,01H0579N,N,31,73
21:20,01H0579N,N,32,19
21:20,01H0579N,N,41,5
21:20,01H0579N,N,42,0
21:20,01H0579N,N,5,0
21:20,01H0579S,S,31,105
21:20,01H0579S,S,32,16
21:20,01H0579S,S,41,4
21:20,01H0579S,S,42,1
21:20,01H0579S,S,5,0
21:20,01H0608N,N,31,68
21:20,01H0608N,N,32,18
21:20,01H0608N,N,41,4
21:20,01H0608N,N,42,0
21:20,01H0608N,N,5,0
21:20,01H0610S,S,31,89
21:20,01H0610S,S,32,16
21:20,01H0610S,S,41,4
21:20,01H0610S,S,42,1
21:20,01H0610S,S,5,0
21:20,03A0015N,W,31,41
21:20,03A0015N,W,32,9
21:20,03A0015N,W,41,1
21:20,03A0015N,W,42,2
21:20,03A0015N,W,5,0
21:20,03A0015S,E,31,74
21:20,03A0015S,E,32,10
21:20,03A0015S,E,41,2
21:20,03A0015S,E,42,1
21:20,03A0015S,E,5,0
21:20,03A0041N,W,31,67
21:20,03A0041N,W,32,16
21:20,03A0041N,W,41,4
21:20,03A0041N,W,42,1
21:20,03A0041N,W,5,0
21:20,03A0041S,E,31,118
21:20,03A0041S,E,32,13
21:20,03A0041S,E,41,3
21:20,03A0041S,E,42,1
21:20,03A0041S,E,5,0
21:20,03F0006S,S,31,36
21:20,03F0006S,S,32,7
21:20,03F0006S,S,41,0
21:20,03F0006S,S,42,1
21:20,03F0006S,S,5,5
21:20,03F0021N,N,31,48
21:20,03F0021N,N,32,21
21:20,03F0021N,N,41,0
21:20,03F0021N,N,42,0
21:20,03F0021N,N,5,4
21:20,03F0054N,N,31,52
21:20,03F0054N,N,32,11
21:20,03F0054N,N,41,0
21:20,03F0054N,N,42,0
21:20,03F0054N,N,5,4
21:20,03F0087S,S,31,17
21:20,03F0087S,S,32,8
21:20,03F0087S,S,41,0
21:20,03F0087S,S,42,0
21:20,03F0087S,S,5,0
21:20,03F0116N,N,31,93
21:20,03F0116N,N,32,29
21:20,03F0116N,N,41,1
21:20,03F0116N,N,42,6
21:20,03F0116N,N,5,4
21:20,03F0116S,S,31,74
21:20,03F0116S,S,32,25
21:20,03F0116S,S,41,0
21:20,03F0116S,S,42,2
21:20,03F0116S,S,5,2
21:20,03F0136S,S,31,108
21:20,03F0136S,S,32,25
21:20,03F0136S,S,41,2
21:20,03F0136S,S,42,2
21:20,03F0136S,S,5,2
21:20,03F0140N,N,31,108
21:20,03F0140N,N,32,29
21:20,03F0140N,N,41,4
21:20,03F0140N,N,42,4
21:20,03F0140N,N,5,0
21:20,03F0150N,N,31,110
21:20,03F0150N,N,32,30
21:20,03F0150N,N,41,0
21:20,03F0150N,N,42,2
21:20,03F0150N,N,5,1
21:20,03F0158S,S,31,152
21:20,03F0158S,S,32,30
21:20,03F0158S,S,41,4
21:20,03F0158S,S,42,2
21:20,03F0158S,S,5,2
21:20,03F0201N,N,31,108
21:20,03F0201N,N,32,20
21:20,03F0201N,N,41,3
21:20,03F0201N,N,42,7
21:20,03F0201N,N,5,4
21:20,03F0201S,S,31,125
21:20,03F0201S,S,32,28
21:20,03F0201S,S,41,3
21:20,03F0201S,S,42,3
21:20,03F0201S,S,5,2
21:20,03F0217N,N,31,96
21:20,03F0217N,N,32,24
21:20,03F0217N,N,41,1
21:20,03F0217N,N,42,8
21:20,03F0217N,N,5,4
21:20,03F0217S,S,31,133
21:20,03F0217S,S,32,31
21:20,03F0217S,S,41,0
21:20,03F0217S,S,42,3
21:20,03F0217S,S,5,1
21:20,03F0301N,N,31,73
21:20,03F0301N,N,32,27
21:20,03F0301N,N,41,0
21:20,03F0301N,N,42,3
21:20,03F0301N,N,5,6
21:20,03F0301S,S,31,139
21:20,03F0301S,S,32,32
21:20,03F0301S,S,41,0
21:20,03F0301S,S,42,7
21:20,03F0301S,S,5,2
21:20,03F0337S,S,31,151
21:20,03F0337S,S,32,42
21:20,03F0337S,S,41,1
21:20,03F0337S,S,42,4
21:20,03F0337S,S,5,2
21:20,03F0338N,N,31,126
21:20,03F0338N,N,32,39
21:20,03F0338N,N,41,0
21:20,03F0338N,N,42,5
21:20,03F0338N,N,5,5
21:20,03F0394N,N,31,169
21:20,03F0394N,N,32,47
21:20,03F0394N,N,41,1
21:20,03F0394N,N,42,3
21:20,03F0394N,N,5,3
21:20,03F0394S,S,31,196
21:20,03F0394S,S,32,41
21:20,03F0394S,S,41,3
21:20,03F0394S,S,42,3
21:20,03F0394S,S,5,4
21:20,03F0447N,N,31,197
21:20,03F0447N,N,32,50
21:20,03F0447N,N,41,8
21:20,03F0447N,N,42,4
21:20,03F0447N,N,5,2
21:20,03F0447S,S,31,249
21:20,03F0447S,S,32,59
21:20,03F0447S,S,41,4
21:20,03F0447S,S,42,9
21:20,03F0447S,S,5,2
21:20,03F0498N,N,31,178
21:20,03F0498N,N,32,33
21:20,03F0498N,N,41,5
21:20,03F0498N,N,42,10
21:20,03F0498N,N,5,4
21:20,03F0498S,S,31,198
21:20,03F0498S,S,32,43
21:20,03F0498S,S,41,3
21:20,03F0498S,S,42,5
21:20,03F0498S,S,5,1
21:20,03F0525N,N,31,183
21:20,03F0525N,N,32,42
21:20,03F0525N,N,41,2
21:20,03F0525N,N,42,9
21:20,03F0525N,N,5,4
21:20,03F0525S,S,31,195
21:20,03F0525S,S,32,41
21:20,03F0525S,S,41,1
21:20,03F0525S,S,42,5
21:20,03F0525S,S,5,4
21:20,03F0559N,N,31,160
21:20,03F0559N,N,32,20
21:20,03F0559N,N,41,0
21:20,03F0559N,N,42,8
21:20,03F0559N,N,5,5
21:20,03F0559S,S,31,159
21:20,03F0559S,S,32,30
21:20,03F0559S,S,41,0
21:20,03F0559S,S,42,9
21:20,03F0559S,S,5,7
21:20,03F0648N,N,31,126
21:20,03F0648N,N,32,37
21:20,03F0648N,N,41,0
21:20,03F0648N,N,42,7
21:20,03F0648N,N,5,5
21:20,03F0648S,S,31,89
21:20,03F0648S,S,32,20
21:20,03F0648S,S,41,2
21:20,03F0648S,S,42,7
21:20,03F0648S,S,5,6
21:20,03F0698N,N,31,84
21:20,03F0698N,N,32,31
21:20,03F0698N,N,41,1
21:20,03F0698N,N,42,5
21:20,03F0698N,N,5,5
21:20,03F0698S,S,31,93
21:20,03F0698S,S,32,17
21:20,03F0698S,S,41,1
21:20,03F0698S,S,42,7
21:20,03F0698S,S,5,2
21:20,03F0746N,N,31,85
21:20,03F0746N,N,32,29
21:20,03F0746N,N,41,2
21:20,03F0746N,N,42,2
21:20,03F0746N,N,5,3
21:20,03F0746S,S,31,87
21:20,03F0746S,S,32,14
21:20,03F0746S,S,41,0
21:20,03F0746S,S,42,4
21:20,03F0746S,S,5,1
21:20,03F0783N,N,31,86
21:20,03F0783N,N,32,25
21:20,03F0783N,N,41,1
21:20,03F0783N,N,42,1
21:20,03F0783N,N,5,4
21:20,03F0783S,S,31,75
21:20,03F0783S,S,32,18
21:20,03F0783S,S,41,0
21:20,03F0783S,S,42,4
21:20,03F0783S,S,5,1
21:20,03F0846N,N,31,89
21:20,03F0846N,N,32,21
21:20,03F0846N,N,41,0
21:20,03F0846N,N,42,2
21:20,03F0846N,N,5,1
21:20,03F0846S,S,31,60
21:20,03F0846S,S,32,20
21:20,03F0846S,S,41,1
21:20,03F0846S,S,42,4
21:20,03F0846S,S,5,3
21:20,03F0961N,N,31,83
21:20,03F0961N,N,32,10
21:20,03F0961N,N,41,2
21:20,03F0961N,N,42,4
21:20,03F0961N,N,5,4
21:20,03F0961S,S,31,62
21:20,03F0961S,S,32,16
21:20,03F0961S,S,41,0
21:20,03F0961S,S,42,6
21:20,03F0961S,S,5,4
21:20,03F0996N,N,31,83
21:20,03F0996N,N,32,18
21:20,03F0996N,N,41,1
21:20,03F0996N,N,42,6
21:20,03F0996N,N,5,6
21:20,03F0996S,S,31,85
21:20,03F0996S,S,32,21
21:20,03F0996S,S,41,0
21:20,03F0996S,S,42,6
21:20,03F0996S,S,5,3
21:20,03F1022N,N,31,92
21:20,03F1022N,N,32,23
21:20,03F1022N,N,41,0
21:20,03F1022N,N,42,8
21:20,03F1022N,N,5,7
21:20,03F1022S,S,31,94
21:20,03F1022S,S,32,30
21:20,03F1022S,S,41,1
21:20,03F1022S,S,42,12
21:20,03F1022S,S,5,9
21:20,03F1051N,N,31,80
21:20,03F1051N,N,32,18
21:20,03F1051N,N,41,0
21:20,03F1051N,N,42,7
21:20,03F1051N,N,5,5
21:20,03F1051S,S,31,77
21:20,03F1051S,S,32,20
21:20,03F1051S,S,41,0
21:20,03F1051S,S,42,10
21:20,03F1051S,S,5,16
21:20,03F1128N,N,31,75
21:20,03F1128N,N,32,18
21:20,03F1128N,N,41,0
21:20,03F1128N,N,42,5
21:20,03F1128N,N,5,9
21:20,03F1128S,S,31,65
21:20,03F1128S,S,32,17
21:20,03F1128S,S,41,0
21:20,03F1128S,S,42,7
21:20,03F1128S,S,5,11
21:20,03F1161N,N,31,67
21:20,03F1161N,N,32,29
21:20,03F1161N,N,41,0
21:20,03F1161N,N,42,3
21:20,03F1161N,N,5,4
21:20,03F1161S,S,31,43
21:20,03F1161S,S,32,15
21:20,03F1161S,S,41,0
21:20,03F1161S,S,42,4
21:20,03F1161S,S,5,12
21:20,03F1215N,N,31,68
21:20,03F1215N,N,32,33
21:20,03F1215N,N,41,1
21:20,03F1215N,N,42,5
21:20,03F1215N,N,5,7
21:20,03F1215S,S,31,55
21:20,03F1215S,S,32,12
21:20,03F1215S,S,41,0
21:20,03F1215S,S,42,7
21:20,03F1215S,S,5,9
21:20,03F1257N,N,31,55
21:20,03F1257N,N,32,15
21:20,03F1257N,N,41,0
21:20,03F1257N,N,42,7
21:20,03F1257N,N,5,6
21:20,03F1257S,S,31,44
21:20,03F1257S,S,32,19
21:20,03F1257S,S,41,1
21:20,03F1257S,S,42,6
21:20,03F1257S,S,5,15
21:20,03F1332N,N,31,35
21:20,03F1332N,N,32,13
21:20,03F1332N,N,41,1
21:20,03F1332N,N,42,5
21:20,03F1332N,N,5,6
21:20,03F1332S,S,31,39
21:20,03F1332S,S,32,14
21:20,03F1332S,S,41,0
21:20,03F1332S,S,42,13
21:20,03F1332S,S,5,9
21:20,03F1395N,N,31,41
21:20,03F1395N,N,32,15
21:20,03F1395N,N,41,0
21:20,03F1395N,N,42,2
21:20,03F1395N,N,5,5
21:20,03F1395S,S,31,51
21:20,03F1395S,S,32,20
21:20,03F1395S,S,41,1
21:20,03F1395S,S,42,5
21:20,03F1395S,S,5,13
21:20,03F1485N,N,31,51
21:20,03F1485N,N,32,17
21:20,03F1485N,N,41,1
21:20,03F1485N,N,42,5
21:20,03F1485N,N,5,7
21:20,03F1485S,S,31,35
21:20,03F1485S,S,32,12
21:20,03F1485S,S,41,0
21:20,03F1485S,S,42,2
21:20,03F1485S,S,5,9
21:20,03F1633N,N,31,65
21:20,03F1633N,N,32,16
21:20,03F1633N,N,41,0
21:20,03F1633N,N,42,6
21:20,03F1633N,N,5,4
21:20,03F1633S,S,31,57
21:20,03F1633S,S,32,15
21:20,03F1633S,S,41,1
21:20,03F1633S,S,42,8
21:20,03F1633S,S,5,12
21:20,03F1651N,N,31,75
21:20,03F1651N,N,32,22
21:20,03F1651N,N,41,1
21:20,03F1651N,N,42,6
21:20,03F1651N,N,5,5
21:20,03F1651S,S,31,63
21:20,03F1651S,S,32,15
21:20,03F1651S,S,41,2
21:20,03F1651S,S,42,6
21:20,03F1651S,S,5,14
21:20,03F1710N,N,31,65
21:20,03F1710N,N,32,11
21:20,03F1710N,N,41,0
21:20,03F1710N,N,42,8
21:20,03F1710N,N,5,1
21:20,03F1710S,S,31,55
21:20,03F1710S,S,32,15
21:20,03F1710S,S,41,1
21:20,03F1710S,S,42,8
21:20,03F1710S,S,5,11
21:20,03F1739N,N,31,66
21:20,03F1739N,N,32,7
21:20,03F1739N,N,41,0
21:20,03F1739N,N,42,6
21:20,03F1739N,N,5,3
21:20,03F1739S,S,31,52
21:20,03F1739S,S,32,15
21:20,03F1739S,S,41,0
21:20,03F1739S,S,42,8
21:20,03F1739S,S,5,14
21:20,03F1779N,N,31,60
21:20,03F1779N,N,32,17
21:20,03F1779N,N,41,0
21:20,03F1779N,N,42,4
21:20,03F1779N,N,5,6
21:20,03F1779S,S,31,61
21:20,03F1779S,S,32,12
21:20,03F1779S,S,41,0
21:20,03F1779S,S,42,6
21:20,03F1779S,S,5,12
21:20,03F1860N,N,31,50
21:20,03F1860N,N,32,21
21:20,03F1860N,N,41,0
21:20,03F1860N,N,42,5
21:20,03F1860N,N,5,8
21:20,03F1860S,S,31,65
21:20,03F1860S,S,32,17
21:20,03F1860S,S,41,3
21:20,03F1860S,S,42,7
21:20,03F1860S,S,5,8
21:20,03F1941N,N,31,59
21:20,03F1941N,N,32,17
21:20,03F1941N,N,41,1
21:20,03F1941N,N,42,4
21:20,03F1941N,N,5,8
21:20,03F1944S,S,31,76
21:20,03F1944S,S,32,11
21:20,03F1944S,S,41,1
21:20,03F1944S,S,42,7
21:20,03F1944S,S,5,11
21:20,03F1991S,S,31,62
21:20,03F1991S,S,32,13
21:20,03F1991S,S,41,2
21:20,03F1991S,S,42,0
21:20,03F1991S,S,5,4
21:20,03F1992N,N,31,79
21:20,03F1992N,N,32,22
21:20,03F1992N,N,41,0
21:20,03F1992N,N,42,4
21:20,03F1992N,N,5,2
21:20,03F2066N,N,31,69
21:20,03F2066N,N,32,13
21:20,03F2066N,N,41,1
21:20,03F2066N,N,42,9
21:20,03F2066N,N,5,2
21:20,03F2066S,S,31,82
21:20,03F2066S,S,32,24
21:20,03F2066S,S,41,1
21:20,03F2066S,S,42,2
21:20,03F2066S,S,5,1
21:20,03F2078N,N,31,71
21:20,03F2078N,N,32,18
21:20,03F2078N,N,41,1
21:20,03F2078N,N,42,6
21:20,03F2078N,N,5,2
21:20,03F2079S,S,31,84
21:20,03F2079S,S,32,23
21:20,03F2079S,S,41,2
21:20,03F2079S,S,42,1
21:20,03F2079S,S,5,2
21:20,03F2100N,N,31,67
21:20,03F2100N,N,32,28
21:20,03F2100N,N,41,1
21:20,03F2100N,N,42,2
21:20,03F2100N,N,5,0
21:20,03F2100S,S,31,93
21:20,03F2100S,S,32,28
21:20,03F2100S,S,41,0
21:20,03F2100S,S,42,2
21:20,03F2100S,S,5,1
21:20,03F2125N,N,31,107
21:20,03F2125N,N,32,31
21:20,03F2125N,N,41,0
21:20,03F2125N,N,42,4
21:20,03F2125N,N,5,1
21:20,03F2129S,S,31,135
21:20,03F2129S,S,32,39
21:20,03F2129S,S,41,0
21:20,03F2129S,S,42,3
21:20,03F2129S,S,5,1
21:20,03F2152S,S,31,102
21:20,03F2152S,S,32,37
21:20,03F2152S,S,41,0
21:20,03F2152S,S,42,2
21:20,03F2152S,S,5,1
21:20,03F2153N,N,31,79
21:20,03F2153N,N,32,30
21:20,03F2153N,N,41,1
21:20,03F2153N,N,42,5
21:20,03F2153N,N,5,3
21:20,03F2194N,N,31,97
21:20,03F2194N,N,32,29
21:20,03F2194N,N,41,2
21:20,03F2194N,N,42,7
21:20,03F2194N,N,5,5
21:20,03F2194S,S,31,95
21:20,03F2194S,S,32,24
21:20,03F2194S,S,41,1
21:20,03F2194S,S,42,3
21:20,03F2194S,S,5,1
21:20,03F2231N,N,31,86
21:20,03F2231N,N,32,24
21:20,03F2231N,N,41,1
21:20,03F2231N,N,42,2
21:20,03F2231N,N,5,2
21:20,03F2235S,S,31,85
21:20,03F2235S,S,32,16
21:20,03F2235S,S,41,0
21:20,03F2235S,S,42,4
21:20,03F2235S,S,5,1
21:20,03F2260N,N,31,75
21:20,03F2260N,N,32,17
21:20,03F2260N,N,41,1
21:20,03F2260N,N,42,0
21:20,03F2260N,N,5,2
21:20,03F2261S,S,31,85
21:20,03F2261S,S,32,12
21:20,03F2261S,S,41,0
21:20,03F2261S,S,42,5
21:20,03F2261S,S,5,0
21:20,03F2306N,N,31,54
21:20,03F2306N,N,32,11
21:20,03F2306N,N,41,0
21:20,03F2306N,N,42,3
21:20,03F2306N,N,5,1
21:20,03F2306S,S,31,56
21:20,03F2306S,S,32,5
21:20,03F2306S,S,41,0
21:20,03F2306S,S,42,1
21:20,03F2306S,S,5,1
21:20,03F2336N,N,31,50
21:20,03F2336N,N,32,9
21:20,03F2336N,N,41,1
21:20,03F2336N,N,42,5
21:20,03F2336N,N,5,0
21:20,03F2336S,S,31,41
21:20,03F2336S,S,32,10
21:20,03F2336S,S,41,0
21:20,03F2336S,S,42,1
21:20,03F2336S,S,5,1
21:20,03F2415N,N,31,36
21:20,03F2415N,N,32,17
21:20,03F2415N,N,41,0
21:20,03F2415N,N,42,5
21:20,03F2415N,N,5,3
21:20,03F2415S,S,31,45
21:20,03F2415S,S,32,9
21:20,03F2415S,S,41,1
21:20,03F2415S,S,42,0
21:20,03F2415S,S,5,0
21:20,03F2447N,N,31,37
21:20,03F2447N,N,32,17
21:20,03F2447N,N,41,0
21:20,03F2447N,N,42,1
21:20,03F2447N,N,5,3
21:20,03F2447S,S,31,35
21:20,03F2447S,S,32,11
21:20,03F2447S,S,41,0
21:20,03F2447S,S,42,1
21:20,03F2447S,S,5,1
21:20,03F2535N,N,31,41
21:20,03F2535N,N,32,11
21:20,03F2535N,N,41,1
21:20,03F2535N,N,42,5
21:20,03F2535N,N,5,0
21:20,03F2535S,S,31,25
21:20,03F2535S,S,32,7
21:20,03F2535S,S,41,1
21:20,03F2535S,S,42,2
21:20,03F2535S,S,5,0
21:20,03F2614N,N,31,31
21:20,03F2614N,N,32,11
21:20,03F2614N,N,41,0
21:20,03F2614N,N,42,4
21:20,03F2614N,N,5,2
21:20,03F2614S,S,31,23
21:20,03F2614S,S,32,12
21:20,03F2614S,S,41,0
21:20,03F2614S,S,42,1
21:20,03F2614S,S,5,1
21:20,03F2709N,N,31,24
21:20,03F2709N,N,32,11
21:20,03F2709N,N,41,1
21:20,03F2709N,N,42,4
21:20,03F2709N,N,5,1
21:20,03F2709S,S,31,23
21:20,03F2709S,S,32,4
21:20,03F2709S,S,41,0
21:20,03F2709S,S,42,1
21:20,03F2709S,S,5,1
21:20,03F2747N,N,31,39
21:20,03F2747N,N,32,9
21:20,03F2747N,N,41,0
21:20,03F2747N,N,42,4
21:20,03F2747N,N,5,2
21:20,03F2747S,S,31,30
21:20,03F2747S,S,32,6
21:20,03F2747S,S,41,0
21:20,03F2747S,S,42,1
21:20,03F2747S,S,5,0
21:20,03F2777N,N,31,28
21:20,03F2777N,N,32,4
21:20,03F2777N,N,41,1
21:20,03F2777N,N,42,5
21:20,03F2777N,N,5,1
21:20,03F2777S,S,31,28
21:20,03F2777S,S,32,7
21:20,03F2777S,S,41,1
21:20,03F2777S,S,42,1
21:20,03F2777S,S,5,0
21:20,03F2840N,N,31,34
21:20,03F2840N,N,32,5
21:20,03F2840N,N,41,1
21:20,03F2840N,N,42,7
21:20,03F2840N,N,5,4
21:20,03F2840S,S,31,32
21:20,03F2840S,S,32,13
21:20,03F2840S,S,41,2
21:20,03F2840S,S,42,2
21:20,03F2840S,S,5,1
21:20,03F2899N,N,31,25
21:20,03F2899N,N,32,10
21:20,03F2899N,N,41,0
21:20,03F2899N,N,42,3
21:20,03F2899N,N,5,4
21:20,03F2899S,S,31,19
21:20,03F2899S,S,32,3
21:20,03F2899S,S,41,0
21:20,03F2899S,S,42,2
21:20,03F2899S,S,5,0
21:20,03F2923N,N,31,34
21:20,03F2923N,N,32,10
21:20,03F2923N,N,41,0
21:20,03F2923N,N,42,3
21:20,03F2923N,N,5,4
21:20,03F2923S,S,31,23
21:20,03F2923S,S,32,3
21:20,03F2923S,S,41,0
21:20,03F2923S,S,42,4
21:20,03F2923S,S,5,0
21:20,03F2985N,N,31,27
21:20,03F2985N,N,32,3
21:20,03F2985N,N,41,0
21:20,03F2985N,N,42,0
21:20,03F2985N,N,5,0
21:20,03F2985S,S,31,39
21:20,03F2985S,S,32,9
21:20,03F2985S,S,41,2
21:20,03F2985S,S,42,0
21:20,03F2985S,S,5,0
21:20,03F3101N,N,31,19
21:20,03F3101N,N,32,11
21:20,03F3101N,N,41,0
21:20,03F3101N,N,42,2
21:20,03F3101N,N,5,1
21:20,03F3101S,S,31,27
21:20,03F3101S,S,32,6
21:20,03F3101S,S,41,0
21:20,03F3101S,S,42,2
21:20,03F3101S,S,5,0
21:20,03F3187N,N,31,28
21:20,03F3187N,N,32,3
21:20,03F3187N,N,41,0
21:20,03F3187N,N,42,1
21:20,03F3187N,N,5,1
21:20,03F3187S,S,31,32
21:20,03F3187S,S,32,8
21:20,03F3187S,S,41,0
21:20,03F3187S,S,42,0
21:20,03F3187S,S,5,1
21:20,03F3211N,N,31,16
21:20,03F3211N,N,32,3
21:20,03F3211N,N,41,0
21:20,03F3211N,N,42,0
21:20,03F3211N,N,5,1
21:20,03F3211S,S,31,36
21:20,03F3211S,S,32,2
21:20,03F3211S,S,41,0
21:20,03F3211S,S,42,1
21:20,03F3211S,S,5,0
21:20,03F3259N,N,31,26
21:20,03F3259N,N,32,6
21:20,03F3259N,N,41,1
21:20,03F3259N,N,42,1
21:20,03F3259N,N,5,1
21:20,03F3259S,S,31,36
21:20,03F3259S,S,32,3
21:20,03F3259S,S,41,0
21:20,03F3259S,S,42,1
21:20,03F3259S,S,5,1
21:20,03F3307N,N,31,33
21:20,03F3307N,N,32,5
21:20,03F3307N,N,41,1
21:20,03F3307N,N,42,3
21:20,03F3307N,N,5,1
21:20,03F3307S,S,31,36
21:20,03F3307S,S,32,6
21:20,03F3307S,S,41,1
21:20,03F3307S,S,42,2
21:20,03F3307S,S,5,2
21:20,03F3392N,N,31,35
21:20,03F3392N,N,32,13
21:20,03F3392N,N,41,1
21:20,03F3392N,N,42,1
21:20,03F3392N,N,5,3
21:20,03F3392S,S,31,47
21:20,03F3392S,S,32,8
21:20,03F3392S,S,41,0
21:20,03F3392S,S,42,3
21:20,03F3392S,S,5,0
21:20,03F3445N,N,31,44
21:20,03F3445N,N,32,11
21:20,03F3445N,N,41,0
21:20,03F3445N,N,42,3
21:20,03F3445N,N,5,2
21:20,03F3445S,S,31,48
21:20,03F3445S,S,32,9
21:20,03F3445S,S,41,0
21:20,03F3445S,S,42,1
21:20,03F3445S,S,5,0
21:20,03F3496N,N,31,32
21:20,03F3496N,N,32,7
21:20,03F3496N,N,41,0
21:20,03F3496N,N,42,4
21:20,03F3496N,N,5,6
21:20,03F3496S,S,31,33
21:20,03F3496S,S,32,16
21:20,03F3496S,S,41,0
21:20,03F3496S,S,42,3
21:20,03F3496S,S,5,1
21:20,03F3588N,N,31,24
21:20,03F3588N,N,32,8
21:20,03F3588N,N,41,0
21:20,03F3588N,N,42,4
21:20,03F3588N,N,5,2
21:20,03F3588S,S,31,33
21:20,03F3588S,S,32,12
21:20,03F3588S,S,41,0
21:20,03F3588S,S,42,2
21:20,03F3588S,S,5,6
21:20,03F3670N,N,31,32
21:20,03F3670N,N,32,4
21:20,03F3670N,N,41,1
21:20,03F3670N,N,42,6
21:20,03F3670N,N,5,7
21:20,03F3670S,S,31,37
21:20,03F3670S,S,32,14
21:20,03F3670S,S,41,1
21:20,03F3670S,S,42,3
21:20,03F3670S,S,5,4
21:20,03F3743N,N,31,30
21:20,03F3743N,N,32,9
21:20,03F3743N,N,41,0
21:20,03F3743N,N,42,5
21:20,03F3743N,N,5,4
21:20,03F3743S,S,31,34
21:20,03F3743S,S,32,5
21:20,03F3743S,S,41,1
21:20,03F3743S,S,42,2
21:20,03F3743S,S,5,3
21:20,03F3854N,N,31,40
21:20,03F3854N,N,32,7
21:20,03F3854N,N,41,0
21:20,03F3854N,N,42,3
21:20,03F3854N,N,5,1
21:20,03F3854S,S,31,39
21:20,03F3854S,S,32,11
21:20,03F3854S,S,41,0
21:20,03F3854S,S,42,3
21:20,03F3854S,S,5,1
21:20,03F3916N,N,31,26
21:20,03F3916N,N,32,5
21:20,03F3916N,N,41,0
21:20,03F3916N,N,42,7
21:20,03F3916N,N,5,0
21:20,03F3916S,S,31,30
21:20,03F3916S,S,32,10
21:20,03F3916S,S,41,0
21:20,03F3916S,S,42,2
21:20,03F3916S,S,5,1
21:20,03F3981S,S,31,24
21:20,03F3981S,S,32,8
21:20,03F3981S,S,41,0
21:20,03F3981S,S,42,3
21:20,03F3981S,S,5,0
21:20,03F3984N,N,31,19
21:20,03F3984N,N,32,8
21:20,03F3984N,N,41,0
21:20,03F3984N,N,42,2
21:20,03F3984N,N,5,4
21:20,03F4018S,S,31,29
21:20,03F4018S,S,32,7
21:20,03F4018S,S,41,0
21:20,03F4018S,S,42,4
21:20,03F4018S,S,5,0
21:20,03F4021N,N,31,26
21:20,03F4021N,N,32,10
21:20,03F4021N,N,41,0
21:20,03F4021N,N,42,0
21:20,03F4021N,N,5,1
21:20,03F4142N,N,31,36
21:20,03F4142N,N,32,11
21:20,03F4142N,N,41,1
21:20,03F4142N,N,42,2
21:20,03F4142N,N,5,2
21:20,03F4142S,S,31,37
21:20,03F4142S,S,32,13
21:20,03F4142S,S,41,0
21:20,03F4142S,S,42,0
21:20,03F4142S,S,5,2
21:20,03F4168N,N,31,37
21:20,03F4168N,N,32,13
21:20,03F4168N,N,41,1
21:20,03F4168N,N,42,1
21:20,03F4168N,N,5,3
21:20,03F4168S,S,31,42
21:20,03F4168S,S,32,18
21:20,03F4168S,S,41,0
21:20,03F4168S,S,42,1
21:20,03F4168S,S,5,1
21:20,03F4232N,N,31,39
21:20,03F4232N,N,32,9
21:20,03F4232N,N,41,1
21:20,03F4232N,N,42,3
21:20,03F4232N,N,5,6
21:20,03F4232S,S,31,37
21:20,03F4232S,S,32,11
21:20,03F4232S,S,41,0
21:20,03F4232S,S,42,1
21:20,03F4232S,S,5,1
21:20,03F4259N,N,31,11
21:20,03F4259N,N,32,2
21:20,03F4259N,N,41,1
21:20,03F4259N,N,42,1
21:20,03F4259N,N,5,0
21:20,03F4263S,S,31,10
21:20,03F4263S,S,32,3
21:20,03F4263S,S,41,0
21:20,03F4263S,S,42,0
21:20,03F4263S,S,5,0
21:20,05F0000S,S,31,66
21:20,05F0000S,S,32,16
21:20,05F0000S,S,41,2
21:20,05F0000S,S,42,0
21:20,05F0000S,S,5,0
21:20,05F0001N,N,31,55
21:20,05F0001N,N,32,17
21:20,05F0001N,N,41,4
21:20,05F0001N,N,42,3
21:20,05F0001N,N,5,0
21:20,05F0055N,N,31,65
21:20,05F0055N,N,32,20
21:20,05F0055N,N,41,1
21:20,05F0055N,N,42,0
21:20,05F0055N,N,5,0
21:20,05F0055S,S,31,58
21:20,05F0055S,S,32,21
21:20,05F0055S,S,41,2
21:20,05F0055S,S,42,0
21:20,05F0055S,S,5,0
21:20,05F0287N,N,31,63
21:20,05F0287N,N,32,8
21:20,05F0287N,N,41,1
21:20,05F0287N,N,42,1
21:20,05F0287N,N,5,0
21:20,05F0287S,S,31,56
21:20,05F0287S,S,32,21
21:20,05F0287S,S,41,2
21:20,05F0287S,S,42,1
21:20,05F0287S,S,5,1
21:20,05F0309N,N,31,50
21:20,05F0309N,N,32,13
21:20,05F0309N,N,41,3
21:20,05F0309N,N,42,1
21:20,05F0309N,N,5,2
21:20,05F0309S,S,31,50
21:20,05F0309S,S,32,15
21:20,05F0309S,S,41,4
21:20,05F0309S,S,42,1
21:20,05F0309S,S,5,1
21:20,05F0438N,N,31,24
21:20,05F0438N,N,32,6
21:20,05F0438N,N,41,1
21:20,05F0438N,N,42,0
21:20,05F0438N,N,5,2
21:20,05F0439S,S,31,39
21:20,05F0439S,S,32,8
21:20,05F0439S,S,41,1
21:20,05F0439S,S,42,2
21:20,05F0439S,S,5,3
21:20,05F0494S,S,31,17
21:20,05F0494S,S,32,5
21:20,05F0494S,S,41,0
21:20,05F0494S,S,42,0
21:20,05F0494S,S,5,1
21:20,05F0528N,N,31,12
21:20,05F0528N,N,32,4
21:20,05F0528N,N,41,0
21:20,05F0528N,N,42,0
21:20,05F0528N,N,5,1
21:20,05FR113S,S,31,14
21:20,05FR113S,S,32,3
21:20,05FR113S,S,41,0
21:20,05FR113S,S,42,0
21:20,05FR113S,S,5,0
21:20,05FR143N,N,31,8
21:20,05FR143N,N,32,0
21:20,05FR143N,N,41,0
21:20,05FR143N,N,42,0
21:20,05FR143N,N,5,0
